{
  "juraj slafkovsky": 76.7,
  "anton lundell": 0.0,
  "sebastian aho": 1.3,
  "roope hintz": 3.8999999999999995,
  "eeli tolvanen": 32.5,
  "artturi lehkonen": 18.2,
  "mikko rantanen": 3.8999999999999995,
  "miro heiskanen": 5.2,
  "juuse saros": -23.400000000000006,
  "filip forsberg": 0.0,
  "alexander wennberg": 0.0,
  "joel eriksson ek": 11.700000000000003,
  "adrian kempe": 19.5,
  "lucas raymond": 3.8999999999999995,
  "elias pettersson": 1.3,
  "jesper bratt": 16.900000000000002,
  "rickard rakell": 18.2,
  "william nylander": 32.5,
  "mika zibanejad": 44.19999999999999,
  "rasmus andersson": 2.6,
  "rasmus dahlin": 45.5,
  "erik karlsson": 18.2,
  "victor hedman": 31.199999999999992,
  "filip gustavsson": 52.0,
  "dylan larkin": 14.299999999999997,
  "nico hischier": 2.0,
  "kevin fiala": 7.5,
  "timo meier": 22.0,
  "roman josi": 6.0,
  "clayton keller": -0.9999999999999964
}