{
  "scores": {
    "juraj slafkovsky": 15.2,
    "anton lundell": 5.000000000000001,
    "sebastian aho": 11.499999999999998,
    "roope hintz": 6.9,
    "eeli tolvanen": 4.9,
    "artturi lehkonen": 11.0,
    "mikko rantanen": 9.7,
    "miro heiskanen": 9.2,
    "juuse saros": 30.4,
    "filip forsberg": 3.8,
    "alexander wennberg": 0.30000000000000004,
    "joel eriksson ek": 5.3,
    "adrian kempe": 8.0,
    "lucas raymond": 11.9,
    "elias pettersson": 5.7,
    "jesper bratt": 1.3,
    "rickard rakell": 2.0,
    "william nylander": 8.700000000000001,
    "mika zibanejad": 10.600000000000001,
    "rasmus andersson": 0.2,
    "rasmus dahlin": 8.5,
    "erik karlsson": 5.6,
    "victor hedman": 3.5999999999999996,
    "filip gustavsson": 2.0,
    "dylan larkin": 8.7,
    "nico hischier": 7.3,
    "kevin fiala": 1.6,
    "timo meier": 11.6,
    "roman josi": 8.2,
    "clayton keller": -4.199999999999999,
    "tomas hertl": 2.2,
    "david pastrnak": 9.100000000000001,
    "martin necas": 14.299999999999999,
    "sam bennett": 1.5999999999999999,
    "nick suzuki": 5.1,
    "sam reinhart": 4.300000000000001,
    "bo horvat": 5.200000000000001,
    "macklin celebrini": 18.7,
    "nathan mackinnon": 15.200000000000001,
    "brandon hagel": 2.5000000000000004,
    "tom wilson": 5.5,
    "mark stone": 8.0,
    "brad marchand": 1.4000000000000001,
    "sidney crosby": 9.0,
    "mitch marner": 7.9,
    "connor mcdavid": 17.9,
    "devon toews": 3.7,
    "cale makar": 8.2,
    "thomas harley": 7.2,
    "shea theodore": 3.5,
    "josh morrissey": 0.0,
    "colton parayko": 0.2,
    "jordan binnington": 19.8,
    "jack eichel": 10.2,
    "jt miller": 0.30000000000000004,
    "matt boldy": 5.800000000000001,
    "vincent trocheck": 3.2,
    "auston matthews": 12.5,
    "jake guentzel": 3.1000000000000005,
    "kyle connor": 0.0,
    "zach werenski": 7.2,
    "brock faber": 3.8000000000000003,
    "charlie mcavoy": 0.6000000000000001,
    "jake sanderson": 3.0,
    "jeremy swayman": 1.6,
    "connor hellebuyck": 24.0,
    "tim stutzle": 13.000000000000002,
    "leon draisaitl": 11.399999999999999,
    "moritz seider": 3.5,
    "seth jarvis": 1.6,
    "travis sanheim": 1.6,
    "darcy kuemper": 0.0,
    "jake oettinger": 0.0
  },
  "processed_games": [
    2025090001,
    2025090002,
    2025090003,
    2025090004,
    2025090005,
    2025090006,
    2025090007,
    2025090008,
    2025090009,
    2025090010,
    2025090011,
    2025090012,
    2025090013,
    2025090014,
    2025090015,
    2025090016,
    2025090017,
    2025090018,
    2025090019,
    2025090020,
    2025090021,
    2025090022,
    2025090023,
    2025090024,
    2025090025,
    2025090026,
    2025090027,
    2025090028,
    2025090029
  ]
}