{
  "scores": {
    "juraj slafkovsky": 12.5,
    "anton lundell": 4.300000000000001,
    "sebastian aho": 8.2,
    "roope hintz": 3.1,
    "eeli tolvanen": 2.7,
    "artturi lehkonen": 9.4,
    "mikko rantanen": 7.0,
    "miro heiskanen": 6.9,
    "juuse saros": 21.2,
    "filip forsberg": 3.8,
    "alexander wennberg": 0.30000000000000004,
    "joel eriksson ek": 5.3,
    "adrian kempe": 8.0,
    "lucas raymond": 11.9,
    "elias pettersson": 5.7,
    "jesper bratt": 1.3,
    "rickard rakell": 2.0,
    "william nylander": 8.700000000000001,
    "mika zibanejad": 10.600000000000001,
    "rasmus andersson": 0.2,
    "rasmus dahlin": 8.5,
    "erik karlsson": 5.6,
    "victor hedman": 3.5999999999999996,
    "filip gustavsson": 2.0,
    "dylan larkin": 6.3,
    "nico hischier": 7.3,
    "kevin fiala": 1.6,
    "timo meier": 11.6,
    "roman josi": 8.2,
    "clayton keller": -4.199999999999999,
    "tomas hertl": 2.2,
    "david pastrnak": 9.100000000000001,
    "martin necas": 14.299999999999999,
    "sam bennett": 1.4,
    "nick suzuki": 5.1,
    "sam reinhart": 1.6,
    "bo horvat": 5.200000000000001,
    "macklin celebrini": 16.9,
    "nathan mackinnon": 11.3,
    "brandon hagel": 2.4000000000000004,
    "tom wilson": 4.4,
    "mark stone": 8.0,
    "brad marchand": 1.3,
    "sidney crosby": 9.0,
    "mitch marner": 7.7,
    "connor mcdavid": 15.5,
    "devon toews": 3.5,
    "cale makar": 7.0,
    "thomas harley": 6.9,
    "shea theodore": 1.3,
    "josh morrissey": 0.0,
    "colton parayko": 0.2,
    "jordan binnington": 16.8,
    "jack eichel": 6.7,
    "jt miller": 0.2,
    "matt boldy": 4.800000000000001,
    "vincent trocheck": 2.2,
    "auston matthews": 12.1,
    "jake guentzel": 2.8000000000000007,
    "kyle connor": 0.0,
    "zach werenski": 4.2,
    "brock faber": 3.6,
    "charlie mcavoy": 0.4,
    "jake sanderson": 2.7,
    "jeremy swayman": 1.6,
    "connor hellebuyck": 19.6,
    "tim stutzle": 13.000000000000002,
    "leon draisaitl": 11.399999999999999,
    "moritz seider": 3.5,
    "seth jarvis": 1.5,
    "travis sanheim": 0.30000000000000004,
    "darcy kuemper": 0.0,
    "jake oettinger": 0.0
  },
  "processed_games": [
    2025090001,
    2025090002,
    2025090003,
    2025090004,
    2025090005,
    2025090006,
    2025090007,
    2025090008,
    2025090009,
    2025090010,
    2025090011,
    2025090012,
    2025090013,
    2025090014,
    2025090015,
    2025090016,
    2025090017,
    2025090018,
    2025090019,
    2025090020,
    2025090021,
    2025090022,
    2025090023,
    2025090024,
    2025090025,
    2025090026
  ]
}