{
  "scores": {
    "juraj slafkovsky": 11.0,
    "anton lundell": 2.2,
    "sebastian aho": 4.8999999999999995,
    "roope hintz": 2.0,
    "eeli tolvanen": 2.6,
    "artturi lehkonen": 6.0,
    "mikko rantanen": 5.9,
    "miro heiskanen": 4.4,
    "juuse saros": 17.0,
    "filip forsberg": 1.5999999999999999,
    "alexander wennberg": 0.2,
    "joel eriksson ek": 4.0,
    "adrian kempe": 5.7,
    "lucas raymond": 7.3,
    "elias pettersson": 4.4,
    "jesper bratt": 1.3,
    "rickard rakell": 1.8,
    "william nylander": 4.300000000000001,
    "mika zibanejad": 5.0,
    "rasmus andersson": 0.2,
    "rasmus dahlin": 7.0,
    "erik karlsson": 3.9,
    "victor hedman": 3.5999999999999996,
    "filip gustavsson": 2.0,
    "dylan larkin": 3.9000000000000004,
    "nico hischier": 2.0,
    "kevin fiala": 1.6,
    "timo meier": 8.9,
    "roman josi": 4.8,
    "clayton keller": -6.3999999999999995,
    "tomas hertl": 0.9,
    "david pastrnak": 4.9,
    "martin necas": 8.899999999999999,
    "sam bennett": 1.4,
    "nick suzuki": 2.8999999999999995,
    "sam reinhart": 1.5,
    "bo horvat": 4.800000000000001,
    "macklin celebrini": 11.5,
    "nathan mackinnon": 8.4,
    "brandon hagel": 2.4000000000000004,
    "tom wilson": 4.4,
    "mark stone": 6.800000000000001,
    "brad marchand": 1.2,
    "sidney crosby": 8.8,
    "mitch marner": 4.5,
    "connor mcdavid": 12.8,
    "devon toews": 2.3000000000000003,
    "cale makar": 6.6,
    "thomas harley": 4.7,
    "shea theodore": 1.3,
    "josh morrissey": 0.0,
    "colton parayko": 0.1,
    "jordan binnington": 14.6,
    "jack eichel": 6.2,
    "jt miller": 0.2,
    "matt boldy": 3.4000000000000004,
    "vincent trocheck": 2.2,
    "auston matthews": 10.0,
    "jake guentzel": 2.6000000000000005,
    "kyle connor": 0.0,
    "zach werenski": 3.9000000000000004,
    "brock faber": 3.6,
    "charlie mcavoy": 0.30000000000000004,
    "jake sanderson": 2.6,
    "jeremy swayman": 1.6,
    "connor hellebuyck": 12.0,
    "tim stutzle": 9.6,
    "leon draisaitl": 5.3,
    "moritz seider": 2.1,
    "seth jarvis": 0.30000000000000004,
    "travis sanheim": 0.2,
    "darcy kuemper": 0.0,
    "jake oettinger": 0.0
  },
  "processed_games": [
    2025090001,
    2025090002,
    2025090003,
    2025090004,
    2025090005,
    2025090006,
    2025090007,
    2025090008,
    2025090009,
    2025090010,
    2025090011,
    2025090012,
    2025090013,
    2025090014,
    2025090015,
    2025090016,
    2025090017,
    2025090018
  ]
}