{
  "juraj slafkovsky": 53.099999999999994,
  "anton lundell": 0.0,
  "sebastian aho": 0.8999999999999999,
  "roope hintz": 2.7,
  "eeli tolvanen": 22.5,
  "artturi lehkonen": 12.600000000000001,
  "mikko rantanen": 2.7,
  "miro heiskanen": 3.5999999999999996,
  "juuse saros": -16.200000000000003,
  "filip forsberg": 0.0,
  "alexander wennberg": 0.0,
  "joel eriksson ek": 8.100000000000001,
  "adrian kempe": 13.5,
  "lucas raymond": 2.7,
  "elias pettersson": 0.8999999999999999,
  "jesper bratt": 11.700000000000001,
  "rickard rakell": 12.600000000000001,
  "william nylander": 22.5,
  "mika zibanejad": 30.599999999999994,
  "rasmus andersson": 1.7999999999999998,
  "rasmus dahlin": 31.5,
  "erik karlsson": 12.600000000000001,
  "victor hedman": 21.599999999999998,
  "filip gustavsson": 36.0,
  "dylan larkin": 9.899999999999999,
  "nico hischier": 2.0,
  "kevin fiala": 7.5,
  "timo meier": 22.0,
  "roman josi": 6.0,
  "clayton keller": -0.9999999999999964
}