{
  "scores": {
    "juraj slafkovsky": 11.0,
    "anton lundell": 2.2,
    "sebastian aho": 4.8999999999999995,
    "roope hintz": 2.0,
    "eeli tolvanen": 2.6,
    "artturi lehkonen": 6.0,
    "mikko rantanen": 5.9,
    "miro heiskanen": 4.4,
    "juuse saros": 17.0,
    "filip forsberg": 1.5999999999999999,
    "alexander wennberg": 0.2,
    "joel eriksson ek": 4.0,
    "adrian kempe": 5.7,
    "lucas raymond": 7.3,
    "elias pettersson": 4.4,
    "jesper bratt": 1.3,
    "rickard rakell": 1.8,
    "william nylander": 4.300000000000001,
    "mika zibanejad": 5.0,
    "rasmus andersson": 0.2,
    "rasmus dahlin": 7.0,
    "erik karlsson": 3.9,
    "victor hedman": 3.5999999999999996,
    "filip gustavsson": 2.0,
    "dylan larkin": 2.7,
    "nico hischier": 0.5,
    "kevin fiala": 1.6,
    "timo meier": 4.9,
    "roman josi": 1.5,
    "clayton keller": -0.1999999999999993,
    "tomas hertl": 0.8,
    "david pastrnak": 3.3000000000000003,
    "martin necas": 4.199999999999999,
    "sam bennett": 0.4,
    "nick suzuki": 2.5999999999999996,
    "sam reinhart": 0.2,
    "bo horvat": 2.2,
    "macklin celebrini": 5.6,
    "nathan mackinnon": 7.2,
    "brandon hagel": 0.2,
    "tom wilson": 1.2000000000000002,
    "mark stone": 2.4000000000000004,
    "brad marchand": 1.2,
    "sidney crosby": 4.6,
    "mitch marner": 2.4000000000000004,
    "connor mcdavid": 8.4,
    "devon toews": 0.1,
    "cale makar": 3.7,
    "thomas harley": 4.5,
    "shea theodore": 0.2,
    "josh morrissey": 0.0,
    "colton parayko": 0.1,
    "jordan binnington": 12.2,
    "jack eichel": 6.0,
    "jt miller": 0.1,
    "matt boldy": 2.6,
    "vincent trocheck": 2.1,
    "auston matthews": 4.2,
    "jake guentzel": 2.4000000000000004,
    "kyle connor": 0.0,
    "zach werenski": 1.7000000000000002,
    "brock faber": 1.5,
    "charlie mcavoy": 0.30000000000000004,
    "jake sanderson": 0.5,
    "jeremy swayman": 1.6,
    "connor hellebuyck": 5.4,
    "tim stutzle": 7.3,
    "leon draisaitl": 5.3,
    "moritz seider": 1.4000000000000001,
    "seth jarvis": 0.2,
    "travis sanheim": 0.0,
    "darcy kuemper": 0.0
  },
  "processed_games": [
    2025090001,
    2025090002,
    2025090003,
    2025090004,
    2025090005,
    2025090006,
    2025090007,
    2025090008,
    2025090009,
    2025090010,
    2025090011,
    2025090012,
    2025090013,
    2025090014
  ]
}