{
  "scores": {
    "juraj slafkovsky": 15.2,
    "anton lundell": 5.000000000000001,
    "sebastian aho": 11.499999999999998,
    "roope hintz": 6.9,
    "eeli tolvanen": 4.9,
    "artturi lehkonen": 11.0,
    "mikko rantanen": 9.7,
    "miro heiskanen": 9.2,
    "juuse saros": 30.4,
    "filip forsberg": 3.8,
    "alexander wennberg": 0.30000000000000004,
    "joel eriksson ek": 5.3,
    "adrian kempe": 8.0,
    "lucas raymond": 11.9,
    "elias pettersson": 5.7,
    "jesper bratt": 1.3,
    "rickard rakell": 2.0,
    "william nylander": 8.700000000000001,
    "mika zibanejad": 10.600000000000001,
    "rasmus andersson": 0.2,
    "rasmus dahlin": 8.5,
    "erik karlsson": 5.6,
    "victor hedman": 3.5999999999999996,
    "filip gustavsson": 2.0,
    "dylan larkin": 8.7,
    "nico hischier": 7.3,
    "kevin fiala": 1.6,
    "timo meier": 11.6,
    "roman josi": 8.2,
    "clayton keller": -4.199999999999999,
    "tomas hertl": 2.2,
    "david pastrnak": 9.100000000000001,
    "martin necas": 14.299999999999999,
    "sam bennett": 1.7999999999999998,
    "nick suzuki": 5.3,
    "sam reinhart": 4.4,
    "bo horvat": 5.200000000000001,
    "macklin celebrini": 19.3,
    "nathan mackinnon": 15.8,
    "brandon hagel": 2.7000000000000006,
    "tom wilson": 5.5,
    "mark stone": 8.1,
    "brad marchand": 1.7000000000000002,
    "sidney crosby": 9.0,
    "mitch marner": 8.0,
    "connor mcdavid": 18.099999999999998,
    "devon toews": 5.2,
    "cale makar": 10.5,
    "thomas harley": 7.3,
    "shea theodore": 3.6,
    "josh morrissey": 0.0,
    "colton parayko": 0.5,
    "logan thompson": 6.800000000000001,
    "jordan binnington": 21.0,
    "brady tkachuk": 9.6,
    "jack eichel": 10.5,
    "jt miller": 0.5,
    "matt boldy": 8.100000000000001,
    "vincent trocheck": 3.3000000000000003,
    "matthew tkachuk": 7.6,
    "auston matthews": 13.6,
    "jake guentzel": 3.3000000000000007,
    "tage thompson": 9.799999999999999,
    "kyle connor": 0.0,
    "jack hughes": 14.5,
    "zach werenski": 8.2,
    "brock faber": 3.8000000000000003,
    "charlie mcavoy": 0.6000000000000001,
    "quinn hughes": 11.499999999999998,
    "jake sanderson": 3.0,
    "jeremy swayman": 1.6,
    "connor hellebuyck": 34.2,
    "tim stutzle": 13.000000000000002,
    "leon draisaitl": 11.399999999999999,
    "moritz seider": 3.5,
    "seth jarvis": 1.6,
    "travis sanheim": 1.9000000000000001,
    "darcy kuemper": 0.0,
    "jake oettinger": 0.0
  },
  "processed_games": [
    2025090001,
    2025090002,
    2025090003,
    2025090004,
    2025090005,
    2025090006,
    2025090007,
    2025090008,
    2025090009,
    2025090010,
    2025090011,
    2025090012,
    2025090013,
    2025090014,
    2025090015,
    2025090016,
    2025090017,
    2025090018,
    2025090019,
    2025090020,
    2025090021,
    2025090022,
    2025090023,
    2025090024,
    2025090025,
    2025090026,
    2025090027,
    2025090028,
    2025090029,
    2025090030
  ]
}